product_id,emoji,producto,marca,categoria,tier_declarado,funcion,puntos,banda_rubrica,zonas_por_defecto,irritante,justificacion,flags
"5e0fd428-5d22-41ed-91d9-bcd57fddad20","☀️","Heliocare 360 Opti D Gel SPF50","Heliocare","☀️ SPF Corporal","best","proteccion","null","variable (spfScoreOf)","cuerpo + manos","","Protección completa UVB+UVA+Visible+IR-A. La más efectiva para cuerpo y brazos. Gel ligero que absorbe rápido.",""
"b4b6743b-2aa6-468f-9662-b6d9d1cc1736","☀️","Isdin Fotoprotector Wet Skin SPF50+","ISDIN","☀️ SPF Corporal","ok","proteccion","null","variable (spfScoreOf)","cuerpo + manos","","Se aplica sobre piel mojada. Ideal para playa, piscina o tras el ejercicio. Fórmula transparente.",""
"d5332696-838e-4d79-9f4e-cde584f0aa91","🛡️","Barrier Support Serum","The Ordinary","✨ Serums AM","ok","barrera","65","55-74 soporte solido","cara","","Repairs and reinforces the skin barrier. Prevents redness and sensitivity from actives without reducing their effectiveness.",""
"914a738d-a1f7-4657-9f84-53be8ad64b66","","Centella Ampoule (viaje)","","✨ Serums AM","","barrera","55","55-74 soporte solido","cara","","","SIN justificacion — redactar"
"999186d7-a30e-42c4-914f-b0b76f619b58","✨","GlycoIsdin Serum","ISDIN","✨ Serums AM","good","aclarado","65","55-74 soporte solido","cara","si","Vitamin C + glycolic acid — brightens dark spots, boosts collagen, provides antioxidant protection against UV-triggered pigmentation.",""
"999186d7-a30e-42c4-914f-b0b76f619b58","✨","GlycoIsdin Serum","ISDIN","✨ Serums AM","good","textura","55","55-74 soporte solido","cara","si","Vitamin C + glycolic acid — brightens dark spots, boosts collagen, provides antioxidant protection against UV-triggered pigmentation.",""
"999186d7-a30e-42c4-914f-b0b76f619b58","✨","GlycoIsdin Serum","ISDIN","✨ Serums AM","good","firmeza","35","35-54 moderado","cara","si","Vitamin C + glycolic acid — brightens dark spots, boosts collagen, provides antioxidant protection against UV-triggered pigmentation.",""
"e26cc8e4-79da-4389-baac-852263e51007","🌟","Melascreen Serum","Ducray","✨ Serums AM","good","aclarado","70","55-74 soporte solido","cara","","Targets melanin overproduction at the source. Most effective layered directly under SPF to block the UV that would re-trigger pigmentation.",""
"1e59f9b3-18b8-4a98-91a0-376a0f8f72f8","🔵","Multi-Peptide + Copper Peptides 1% Serum","The Ordinary","✨ Serums AM","ok","firmeza","80","75-89 OTC fuerte","cara + cuello","","El GHK-Cu (péptido de cobre) tiene la evidencia más sólida de todos los péptidos cosméticos: estimula colágeno, elastina y glucosaminoglicanos de forma directa. También es antiinflamatorio y antioxidante. Los péptidos adicionales atacan la síntesis de colágeno desde múltiples vías simultáneamente. D",""
"1e59f9b3-18b8-4a98-91a0-376a0f8f72f8","🔵","Multi-Peptide + Copper Peptides 1% Serum","The Ordinary","✨ Serums AM","ok","textura","30","15-34 adyuvante marginal","cara + cuello","","El GHK-Cu (péptido de cobre) tiene la evidencia más sólida de todos los péptidos cosméticos: estimula colágeno, elastina y glucosaminoglicanos de forma directa. También es antiinflamatorio y antioxidante. Los péptidos adicionales atacan la síntesis de colágeno desde múltiples vías simultáneamente. D",""
"1e59f9b3-18b8-4a98-91a0-376a0f8f72f8","🔵","Multi-Peptide + Copper Peptides 1% Serum","The Ordinary","✨ Serums AM","ok","barrera","15","15-34 adyuvante marginal","cara + cuello","","El GHK-Cu (péptido de cobre) tiene la evidencia más sólida de todos los péptidos cosméticos: estimula colágeno, elastina y glucosaminoglicanos de forma directa. También es antiinflamatorio y antioxidante. Los péptidos adicionales atacan la síntesis de colágeno desde múltiples vías simultáneamente. D",""
"c74e3fdb-3665-438e-9cbb-574459d0e87f","🔆","Niacinamide 10% + Zinc 1% Serum","The Ordinary","✨ Serums AM","ok","textura","65","55-74 soporte solido","cara","","La niacinamida (vitamina B3) tiene evidencia clínica sólida al 10%: reduce la producción de sebo, minimiza la apariencia de los poros, frena la transferencia de melanina a la superficie (manchas), y refuerza la barrera cutánea. El zinc potencia el efecto seborreguladory añade acción antiinflamatoria",""
"c74e3fdb-3665-438e-9cbb-574459d0e87f","🔆","Niacinamide 10% + Zinc 1% Serum","The Ordinary","✨ Serums AM","ok","aclarado","55","55-74 soporte solido","cara","","La niacinamida (vitamina B3) tiene evidencia clínica sólida al 10%: reduce la producción de sebo, minimiza la apariencia de los poros, frena la transferencia de melanina a la superficie (manchas), y refuerza la barrera cutánea. El zinc potencia el efecto seborreguladory añade acción antiinflamatoria",""
"c74e3fdb-3665-438e-9cbb-574459d0e87f","🔆","Niacinamide 10% + Zinc 1% Serum","The Ordinary","✨ Serums AM","ok","barrera","50","35-54 moderado","cara","","La niacinamida (vitamina B3) tiene evidencia clínica sólida al 10%: reduce la producción de sebo, minimiza la apariencia de los poros, frena la transferencia de melanina a la superficie (manchas), y refuerza la barrera cutánea. El zinc potencia el efecto seborreguladory añade acción antiinflamatoria",""
"fd5ac61c-3146-49ed-813f-d3b0c4e097aa","💧","Peptide + HA Serum","The Ordinary","✨ Serums AM","good","firmeza","55","55-74 soporte solido","cara + cuello","","Los péptidos señalizan a la piel para producir colágeno. El ácido hialurónico retiene humedad en la superficie. Juntos mejoran textura, firmeza y luminosidad sin irritar.",""
"fd5ac61c-3146-49ed-813f-d3b0c4e097aa","💧","Peptide + HA Serum","The Ordinary","✨ Serums AM","good","barrera","45","35-54 moderado","cara + cuello","","Los péptidos señalizan a la piel para producir colágeno. El ácido hialurónico retiene humedad en la superficie. Juntos mejoran textura, firmeza y luminosidad sin irritar.",""
"b06008de-44b8-4d11-b6a8-0de0dc543bed","✨","Suero Vitamina C 20%","Dr. Brenner · ácido L-ascórbico","✨ Serums AM","best","aclarado","85","75-89 OTC fuerte","cara","","El ácido L-ascórbico es antioxidante y ayuda a unificar el tono; combinado con ácido ferúlico potencia su estabilidad y protección frente a radicales libres.",""
"b06008de-44b8-4d11-b6a8-0de0dc543bed","✨","Suero Vitamina C 20%","Dr. Brenner · ácido L-ascórbico","✨ Serums AM","best","firmeza","60","55-74 soporte solido","cara","","El ácido L-ascórbico es antioxidante y ayuda a unificar el tono; combinado con ácido ferúlico potencia su estabilidad y protección frente a radicales libres.",""
"b06008de-44b8-4d11-b6a8-0de0dc543bed","✨","Suero Vitamina C 20%","Dr. Brenner · ácido L-ascórbico","✨ Serums AM","best","textura","20","15-34 adyuvante marginal","cara","","El ácido L-ascórbico es antioxidante y ayuda a unificar el tono; combinado con ácido ferúlico potencia su estabilidad y protección frente a radicales libres.",""
"d62e61a3-0715-44c3-95bb-a402ca0f73cc","🧴","Anthelios UV AIR Serum SPF 50+","La Roche-Posay","🌞 SPF Facial","ok","proteccion","null","variable (spfScoreOf)","cara + cuello + manos","","Filtros UVA/UVB fotoestables (tecnología Cell-Ox Shield) bloquean la radiación que dispara la producción de melanina. A diferencia de un SPF sin color, este sí lleva óxidos de hierro — importante porque también protege contra luz visible, otro detonante conocido de melasma que los filtros UV solos n","justificacion redactada contra MELASMA — reescribir a lentigos"
"d62e61a3-0715-44c3-95bb-a402ca0f73cc","🧴","Anthelios UV AIR Serum SPF 50+","La Roche-Posay","🌞 SPF Facial","ok","aclarado","25","15-34 adyuvante marginal","cara + cuello + manos","","Filtros UVA/UVB fotoestables (tecnología Cell-Ox Shield) bloquean la radiación que dispara la producción de melanina. A diferencia de un SPF sin color, este sí lleva óxidos de hierro — importante porque también protege contra luz visible, otro detonante conocido de melasma que los filtros UV solos n","justificacion redactada contra MELASMA — reescribir a lentigos"
"57ff2048-f0d3-42a6-a9e5-8e56fb8a564e","🌞","Anthelios UVMune 400 SPF50","La Roche-Posay","🌞 SPF Facial","best","proteccion","null","variable (spfScoreOf)","cara + cuello + manos","","Mejor protección UVA disponible. Sin tinte — ideal bajo maquillaje de color.",""
"27826422-4e8b-47a3-a6a0-27f436ce2b26","🌞","Black Rice Airyfit Sunscreen","Haruharu Wonder · SPF50+ PA++++","🌞 SPF Facial","good","proteccion","null","variable (spfScoreOf)","cara + cuello + manos","","Filtra la radiación UV que agrava el melasma; el arroz negro aporta antioxidantes adicionales.","justificacion redactada contra MELASMA — reescribir a lentigos"
"f4f4f34a-d243-41f3-9bb1-dc1ca966d035","🌞","Canmake Mermaid Skin Gel SPF50","Canmake","🌞 SPF Facial","ok","proteccion","null","variable (spfScoreOf)","cara + cuello + manos","","Gel ultraligero, cero residuo blanco. Ideal bajo maquillaje. Sin UVA 400nm.",""
"c495313f-4f9c-49a6-a672-13483a04f0f2","🌞","Eucerin Pigment Control Tintado SPF50","Eucerin","🌞 SPF Facial","best","proteccion","null","variable (spfScoreOf)","cara + cuello + manos","","Único con Thiamidol: protege Y despigmenta activamente. Protección + tratamiento en uno.",""
"c495313f-4f9c-49a6-a672-13483a04f0f2","🌞","Eucerin Pigment Control Tintado SPF50","Eucerin","🌞 SPF Facial","best","aclarado","75","75-89 OTC fuerte","cara + cuello + manos","","Único con Thiamidol: protege Y despigmenta activamente. Protección + tratamiento en uno.",""
"7daf598c-e5aa-402f-a26a-6662aa196be9","🌞","Hyalu-Cica Water-Fit Sun Serum","SKIN1004 · SPF50 PA++++","🌞 SPF Facial","good","proteccion","null","variable (spfScoreOf)","cara + cuello + manos","","Filtra la radiación UV, el principal desencadenante del melasma; su textura ligera facilita reaplicar sin sentir pesadez.","justificacion redactada contra MELASMA — reescribir a lentigos"
"3c1c8b13-bf04-4cf2-a154-5f0d0e2be2ec","🌞","Isdin Fusion Water Color SPF50","ISDIN","🌞 SPF Facial","good","proteccion","null","variable (spfScoreOf)","cara + cuello + manos","","Tintado protege vs luz visible. Sin filtro UVA 400nm.",""
"c998b392-f91e-4ea5-a2b4-9acb871bcc20","🌞","Isdin Fusion Water SPF50","ISDIN","🌞 SPF Facial","ok","proteccion","null","variable (spfScoreOf)","cara + cuello + manos","","Textura ultraligera, ideal para layering. Sin tinte ni UVA 400nm.",""
"4c775124-b388-45d0-941f-77cf67c48148","🌞","L'Oréal UV Defender SPF50 PA++++","L'Oréal Paris","🌞 SPF Facial","good","proteccion","null","variable (spfScoreOf)","cara + cuello + manos","","Protección UVA de onda larga — buena para melasma. Sin tinte.","justificacion redactada contra MELASMA — reescribir a lentigos"
"6d30d838-50c9-461c-a93a-7e32eba414f0","🌞","Nivea Sun Silky UV Stick SPF50","Nivea","🌞 SPF Facial","ok","proteccion","null","variable (spfScoreOf)","cara + cuello + manos","","Stick práctico para retoques durante el día. Sin especificación PA ni UVA 400nm.",""
"844e871d-3993-47ac-9fbc-d4fe3e7d6a82","🌞","Probio-Cica Glow Sun Ampoule","SKIN1004 · SPF50 PA++++","🌞 SPF Facial","good","proteccion","null","variable (spfScoreOf)","cara + cuello + manos","","Filtra la radiación UV que agrava el melasma; la aplicación generosa y la reaplicación son la parte más importante del efecto.","justificacion redactada contra MELASMA — reescribir a lentigos"
"2026eae7-7ae3-4596-b61f-8b3bb5cd2088","🌞","Tocobo Sun Stick Cotton Soft SPF50","Tocobo","🌞 SPF Facial","good","proteccion","null","variable (spfScoreOf)","cara + cuello + manos","","PA++++ en stick con acabado cotton ultraligero. Excelente para retoques sin residuo. Sin UVA 400nm.",""
"1b656610-fce5-45a6-b6e8-8ec33e209653","👁","Anti-Pigment Contorno de Ojos","Eucerin","👁️ Contorno Ojos","ok","aclarado","70","55-74 soporte solido","cara","","Thiamidol y Ácido Hialurónico",""
"1b656610-fce5-45a6-b6e8-8ec33e209653","👁","Anti-Pigment Contorno de Ojos","Eucerin","👁️ Contorno Ojos","ok","barrera","25","15-34 adyuvante marginal","cara","","Thiamidol y Ácido Hialurónico",""
"86d57790-31c4-4db8-888f-ffdd6a2465c5","👁️","Caffeine Eye Cream Stick","Genérico","👁️ Contorno Ojos","good","barrera","15","15-34 adyuvante marginal","cara","","Cafeína activa circulación y reduce puffiness. Ideal por la mañana. Desliza el stick con golpecitos suaves bajo el ojo — nunca frotar. Guardar en refrigerador para efecto extra.",""
"3b90cc0e-7170-4f62-9e99-c582510d6361","👁️","Ceramide Eye Cream Stick","Genérico","👁️ Contorno Ojos","good","barrera","55","55-74 soporte solido","cara","","Refuerza la barrera cutánea del contorno de ojos. La piel del contorno es 10x más delgada que el resto de la cara. Ideal PM para reparación nocturna.",""
"22b2bb98-8431-4d40-8ffe-08f02f3db40b","👁️","Cerave Eye Repair Cream","CeraVe","👁️ Contorno Ojos","ok","barrera","65","55-74 soporte solido","cara","","Fórmula dermatológica con ceramidas, niacinamide y ácido hialurónico. Nunca causa ardor — ideal cuando la piel está sensible o con activos fuertes.",""
"22b2bb98-8431-4d40-8ffe-08f02f3db40b","👁️","Cerave Eye Repair Cream","CeraVe","👁️ Contorno Ojos","ok","aclarado","15","15-34 adyuvante marginal","cara","","Fórmula dermatológica con ceramidas, niacinamide y ácido hialurónico. Nunca causa ardor — ideal cuando la piel está sensible o con activos fuertes.",""
"f95c263b-102e-46c9-bc24-485bf192cdc9","👁️","Tocobo Collagen Eye Gel Cream","Tocobo","👁️ Contorno Ojos","good","barrera","40","35-54 moderado","cara","","Colágeno marino + niacinamide. Ilumina ojeras y mejora firmeza. Compatible AM y PM. Textura gel ligera — se puede usar bajo maquillaje.",""
"f95c263b-102e-46c9-bc24-485bf192cdc9","👁️","Tocobo Collagen Eye Gel Cream","Tocobo","👁️ Contorno Ojos","good","firmeza","35","35-54 moderado","cara","","Colágeno marino + niacinamide. Ilumina ojeras y mejora firmeza. Compatible AM y PM. Textura gel ligera — se puede usar bajo maquillaje.",""
"f95c263b-102e-46c9-bc24-485bf192cdc9","👁️","Tocobo Collagen Eye Gel Cream","Tocobo","👁️ Contorno Ojos","good","aclarado","30","15-34 adyuvante marginal","cara","","Colágeno marino + niacinamide. Ilumina ojeras y mejora firmeza. Compatible AM y PM. Textura gel ligera — se puede usar bajo maquillaje.",""
"ecef5283-7bdd-460b-a9a8-ccb917942c4c","💊","Finacea Ácido Azelaico 15%","Galderma","💊 Activos","best","aclarado","90","90-100 estandar de oro","cara + cuello","","Inhibe la tirosinasa — la enzima que fabrica melanina. Bloquea la cascada interna de pigmentación mientras el SPF bloquea el detonante externo.",""
"ecef5283-7bdd-460b-a9a8-ccb917942c4c","💊","Finacea Ácido Azelaico 15%","Galderma","💊 Activos","best","textura","55","55-74 soporte solido","cara + cuello","","Inhibe la tirosinasa — la enzima que fabrica melanina. Bloquea la cascada interna de pigmentación mientras el SPF bloquea el detonante externo.",""
"ecef5283-7bdd-460b-a9a8-ccb917942c4c","💊","Finacea Ácido Azelaico 15%","Galderma","💊 Activos","best","barrera","10","0 no toca el eje","cara + cuello","","Inhibe la tirosinasa — la enzima que fabrica melanina. Bloquea la cascada interna de pigmentación mientras el SPF bloquea el detonante externo.",""
"70f8c5ee-c241-41d4-bfe4-2cf4d52a7577","🔬","Retin-A Tretinoína 0.025%","Janssen","💊 Activos","best","textura","95","90-100 estandar de oro","cara + cuello","si","Acelera renovación celular (turnover) y dispersa depósitos de melanina. Fotosensibilizante — el SPF del día siguiente es obligatorio.",""
"70f8c5ee-c241-41d4-bfe4-2cf4d52a7577","🔬","Retin-A Tretinoína 0.025%","Janssen","💊 Activos","best","firmeza","85","75-89 OTC fuerte","cara + cuello","si","Acelera renovación celular (turnover) y dispersa depósitos de melanina. Fotosensibilizante — el SPF del día siguiente es obligatorio.",""
"70f8c5ee-c241-41d4-bfe4-2cf4d52a7577","🔬","Retin-A Tretinoína 0.025%","Janssen","💊 Activos","best","aclarado","70","55-74 soporte solido","cara + cuello","si","Acelera renovación celular (turnover) y dispersa depósitos de melanina. Fotosensibilizante — el SPF del día siguiente es obligatorio.",""
"05f7037d-f73b-4ff8-9081-c64afb2c5cf2","🌙","Retinol Overnight Lotion","Gold Bond","💊 Activos","good","textura","40","35-54 moderado","cuerpo","si","El retinol acelera la renovación celular y estimula la producción de colágeno. Más suave que la tretinoína — produce los mismos beneficios con menos riesgo de irritación, ideal para acostumbrar la piel.",""
"05f7037d-f73b-4ff8-9081-c64afb2c5cf2","🌙","Retinol Overnight Lotion","Gold Bond","💊 Activos","good","firmeza","45","35-54 moderado","cuerpo","si","El retinol acelera la renovación celular y estimula la producción de colágeno. Más suave que la tretinoína — produce los mismos beneficios con menos riesgo de irritación, ideal para acostumbrar la piel.",""
"be7a694e-0211-4d3f-b9ed-0c2d83f05943","","Ollie Lip Hydrating Balm SPF50","","💋 Labios","","labial","60","55-74 soporte solido","labios","","","SIN justificacion — redactar"
"34b622c4-e4bf-4289-b8a6-923632995796","","PDRN Lip Serum","","💋 Labios","","labial","70","55-74 soporte solido","labios","","","SIN justificacion — redactar"
"4a9ab636-db1f-424f-bcfc-7abc237c673c","","345 Relief Cream Mist","","💦 Toners","","barrera","45","35-54 moderado","cara","","","SIN justificacion — redactar"
"900a4aab-bed0-402c-bcb9-a01806886918","","Black Rice Probiotics Barrier Essence","","💦 Toners","","barrera","70","55-74 soporte solido","cara","","","SIN justificacion — redactar"
"900a4aab-bed0-402c-bcb9-a01806886918","","Black Rice Probiotics Barrier Essence","","💦 Toners","","aclarado","15","15-34 adyuvante marginal","cara","","","SIN justificacion — redactar"
"20064300-8139-45ef-b803-4e4bf61d94bc","✨","Black Rice Probiotics NAD+ Serum Mist","Haruharu Wonder · ceramidas","💦 Toners","good","barrera","60","55-74 soporte solido","cara","","Las ceramidas y probióticos ayudan a mantener la barrera cutánea, útil en pieles sensibilizadas por tratamientos activos.",""
"20064300-8139-45ef-b803-4e4bf61d94bc","✨","Black Rice Probiotics NAD+ Serum Mist","Haruharu Wonder · ceramidas","💦 Toners","good","firmeza","30","15-34 adyuvante marginal","cara","","Las ceramidas y probióticos ayudan a mantener la barrera cutánea, útil en pieles sensibilizadas por tratamientos activos.",""
"b73336bc-ad0e-444b-b807-7956498daa5e","💦","Caudalie Beauty Elixir Bruma Facial","Caudalie · rosa y menta","💦 Toners","good","barrera","15","15-34 adyuvante marginal","cara","","Los extractos de romero y menta tonifican y refrescan la piel al instante, sin sustituir la hidratación de tu rutina.",""
"acbcd16d-c0b0-4fc8-8130-7b61e076f801","","Centella Toning Toner (viaje)","","💦 Toners","","barrera","35","35-54 moderado","cara","","","SIN justificacion — redactar"
"b3a581cd-c0fd-43e0-8c73-cf043bc7e5a4","💊","Kopher Curepair Derma Ampoule Mist","Kopher · 10 factores de crecimiento","💦 Toners","good","firmeza","55","55-74 soporte solido","cara","","Los factores de crecimiento y extractos vegetales ayudan a calmar y reforzar la barrera en pieles sensibles o irritadas.",""
"b3a581cd-c0fd-43e0-8c73-cf043bc7e5a4","💊","Kopher Curepair Derma Ampoule Mist","Kopher · 10 factores de crecimiento","💦 Toners","good","barrera","55","55-74 soporte solido","cara","","Los factores de crecimiento y extractos vegetales ayudan a calmar y reforzar la barrera en pieles sensibles o irritadas.",""
"feac892a-7a0c-4647-9035-c5278c23cd19","💦","Laneige Cream Skin Toner & Moisturizer","LANEIGE · cerapéptido","💦 Toners","good","barrera","70","55-74 soporte solido","cara","","Las ceramidas y péptidos refuerzan la barrera cutánea, clave para pieles sensibles o con melasma en tratamiento.","justificacion redactada contra MELASMA — reescribir a lentigos"
"feac892a-7a0c-4647-9035-c5278c23cd19","💦","Laneige Cream Skin Toner & Moisturizer","LANEIGE · cerapéptido","💦 Toners","good","firmeza","30","15-34 adyuvante marginal","cara","","Las ceramidas y péptidos refuerzan la barrera cutánea, clave para pieles sensibles o con melasma en tratamiento.","justificacion redactada contra MELASMA — reescribir a lentigos"
"aea54bb5-6e67-4345-8801-d64239f3081f","💦","Medicube PDRN Pink Niacinamide Toner","medicube · niacinamida 5%","💦 Toners","good","barrera","60","55-74 soporte solido","cara","","La niacinamida y el PDRN apoyan la barrera cutánea y ayudan a mejorar el tono parejo de la piel.",""
"aea54bb5-6e67-4345-8801-d64239f3081f","💦","Medicube PDRN Pink Niacinamide Toner","medicube · niacinamida 5%","💦 Toners","good","aclarado","45","35-54 moderado","cara","","La niacinamida y el PDRN apoyan la barrera cutánea y ayudan a mejorar el tono parejo de la piel.",""
"aea54bb5-6e67-4345-8801-d64239f3081f","💦","Medicube PDRN Pink Niacinamide Toner","medicube · niacinamida 5%","💦 Toners","good","firmeza","40","35-54 moderado","cara","","La niacinamida y el PDRN apoyan la barrera cutánea y ayudan a mejorar el tono parejo de la piel.",""
"83f81d90-df90-4b65-897c-029c479acb62","💦","Numbuzin Toner No.9 NAD+ PDRN","numbuzin · PDRN salmón+péptidos","💦 Toners","good","firmeza","65","55-74 soporte solido","cara","","El PDRN y los péptidos apoyan la firmeza de la piel, mientras la niacinamida ayuda a mantener la barrera.",""
"83f81d90-df90-4b65-897c-029c479acb62","💦","Numbuzin Toner No.9 NAD+ PDRN","numbuzin · PDRN salmón+péptidos","💦 Toners","good","barrera","45","35-54 moderado","cara","","El PDRN y los péptidos apoyan la firmeza de la piel, mientras la niacinamida ayuda a mantener la barrera.",""
"83f81d90-df90-4b65-897c-029c479acb62","💦","Numbuzin Toner No.9 NAD+ PDRN","numbuzin · PDRN salmón+péptidos","💦 Toners","good","aclarado","25","15-34 adyuvante marginal","cara","","El PDRN y los péptidos apoyan la firmeza de la piel, mientras la niacinamida ayuda a mantener la barrera.",""
"35c79583-7aac-405a-b3ba-33276d379984","","Skin Balancing Pore-Reducing Toner","","💦 Toners","","barrera","60","55-74 soporte solido","cara + cuello","","","SIN justificacion — redactar"
"35c79583-7aac-405a-b3ba-33276d379984","","Skin Balancing Pore-Reducing Toner","","💦 Toners","","textura","40","35-54 moderado","cara + cuello","","","SIN justificacion — redactar"
"35c79583-7aac-405a-b3ba-33276d379984","","Skin Balancing Pore-Reducing Toner","","💦 Toners","","aclarado","30","15-34 adyuvante marginal","cara + cuello","","","SIN justificacion — redactar"
"9c30b24f-9e2b-422c-8518-0536579cf894","💧","The Ordinary Saccharomyces Ferment 30% Milky Toner","The Ordinary","💦 Toners","good","aclarado","55","55-74 soporte solido","cara + cuello","","El NAG (N-acetilglucosamina) inhibe la producción de melanina de forma similar a la niacinamida, mientras el fermento fortalece la barrera — doble función: aclara y protege.",""
"9c30b24f-9e2b-422c-8518-0536579cf894","💧","The Ordinary Saccharomyces Ferment 30% Milky Toner","The Ordinary","💦 Toners","good","barrera","40","35-54 moderado","cara + cuello","","El NAG (N-acetilglucosamina) inhibe la producción de melanina de forma similar a la niacinamida, mientras el fermento fortalece la barrera — doble función: aclara y protege.",""
"9c30b24f-9e2b-422c-8518-0536579cf894","💧","The Ordinary Saccharomyces Ferment 30% Milky Toner","The Ordinary","💦 Toners","good","textura","35","35-54 moderado","cara + cuello","","El NAG (N-acetilglucosamina) inhibe la producción de melanina de forma similar a la niacinamida, mientras el fermento fortalece la barrera — doble función: aclara y protege.",""
"b71bc26f-a501-49eb-8461-c7485192ee48","💦","Ultramo Bruma Hidratante Niacinamida","ULTRAMO · colágeno+retinol","💦 Toners","ok","barrera","35","35-54 moderado","cara","","La niacinamida y el ácido hialurónico ayudan a mantener la barrera hidratada; úsalo como complemento, no como sustituto de tu rutina activa.",""
"b71bc26f-a501-49eb-8461-c7485192ee48","💦","Ultramo Bruma Hidratante Niacinamida","ULTRAMO · colágeno+retinol","💦 Toners","ok","firmeza","20","15-34 adyuvante marginal","cara","","La niacinamida y el ácido hialurónico ayudan a mantener la barrera hidratada; úsalo como complemento, no como sustituto de tu rutina activa.",""
"b71bc26f-a501-49eb-8461-c7485192ee48","💦","Ultramo Bruma Hidratante Niacinamida","ULTRAMO · colágeno+retinol","💦 Toners","ok","aclarado","20","15-34 adyuvante marginal","cara","","La niacinamida y el ácido hialurónico ayudan a mantener la barrera hidratada; úsalo como complemento, no como sustituto de tu rutina activa.",""
"bc6ce9fd-5335-456e-a111-367c21603699","","Centella Soothing Cream (viaje)","","💧 Hidratantes","","barrera","60","55-74 soporte solido","cara","","","SIN justificacion — redactar"
"ccea1f6a-4935-44ef-a70a-e332bc9b2b9c","🧴","Crema Hidratante Diaria","CeraVe","💧 Hidratantes","ok","barrera","70","55-74 soporte solido","cara + cuerpo","","Ingredientes activos: Contiene 3 ceramidas esenciales (1, 3 y 6-II) y ácido hialurónico.Tecnología MVE: Sistema de liberación controlada que mantiene la hidratación por 24 horas.",""
"f0797f0c-1ccc-42fa-b3c2-3ba82ecd419a","","Golden Peptide Honeycomb Neck Mask","Mercilen","💧 Hidratantes","ok","firmeza","60","55-74 soporte solido","cuello","","(agregado en esta sesión — ver alta-productos-manos-cuello.sql / alta-spf-manos-duplicados.sql para la justificación completa)",""
"f0797f0c-1ccc-42fa-b3c2-3ba82ecd419a","","Golden Peptide Honeycomb Neck Mask","Mercilen","💧 Hidratantes","ok","barrera","30","15-34 adyuvante marginal","cuello","","(agregado en esta sesión — ver alta-productos-manos-cuello.sql / alta-spf-manos-duplicados.sql para la justificación completa)",""
"17913609-6130-48bd-977e-45ee06379ff6","💧","Hyalu-Cica Moisture Cream","SKIN1004 · centella 50%+HA","💧 Hidratantes","good","barrera","80","75-89 OTC fuerte","cara","","La alta concentración de centella asiática junto con niacinamida y ácido hialurónico ayuda a calmar e hidratar la piel, reforzando su barrera.",""
"17913609-6130-48bd-977e-45ee06379ff6","💧","Hyalu-Cica Moisture Cream","SKIN1004 · centella 50%+HA","💧 Hidratantes","good","aclarado","20","15-34 adyuvante marginal","cara","","La alta concentración de centella asiática junto con niacinamida y ácido hialurónico ayuda a calmar e hidratar la piel, reforzando su barrera.",""
"17913609-6130-48bd-977e-45ee06379ff6","💧","Hyalu-Cica Moisture Cream","SKIN1004 · centella 50%+HA","💧 Hidratantes","good","firmeza","15","15-34 adyuvante marginal","cara","","La alta concentración de centella asiática junto con niacinamida y ácido hialurónico ayuda a calmar e hidratar la piel, reforzando su barrera.",""
"8a2eb58a-2c7e-47c7-8fe8-532d541e7803","💧","Hydro Boost Gel Cream","Neutrogena","💧 Hidratantes","good","barrera","60","55-74 soporte solido","cara","","Hyaluronic acid hydrates and plumps. Well-hydrated skin responds dramatically better to all treatment serums.",""
"dbe863ae-eb6d-42ad-9565-26cc6ed6e86f","","Madagascar Centella Poremizing Light Gel Cream","","💧 Hidratantes","","barrera","55","55-74 soporte solido","cara","","","SIN justificacion — redactar"
"dbe863ae-eb6d-42ad-9565-26cc6ed6e86f","","Madagascar Centella Poremizing Light Gel Cream","","💧 Hidratantes","","textura","45","35-54 moderado","cara","","","SIN justificacion — redactar"
"dbe863ae-eb6d-42ad-9565-26cc6ed6e86f","","Madagascar Centella Poremizing Light Gel Cream","","💧 Hidratantes","","aclarado","25","15-34 adyuvante marginal","cara","","","SIN justificacion — redactar"
"dbe863ae-eb6d-42ad-9565-26cc6ed6e86f","","Madagascar Centella Poremizing Light Gel Cream","","💧 Hidratantes","","firmeza","15","15-34 adyuvante marginal","cara","","","SIN justificacion — redactar"
"6b2ab52e-8479-4016-a8eb-2a61864491f7","✨","Neck and Chest Firming Cream","Gold Bond","💧 Hidratantes","good","firmeza","55","55-74 soporte solido","cuello","","Fórmula concentrada con péptidos y agentes reafirmantes diseñada específicamente para la piel más delgada del cuello y escote — zonas que envejecen más rápido.",""
"6b2ab52e-8479-4016-a8eb-2a61864491f7","✨","Neck and Chest Firming Cream","Gold Bond","💧 Hidratantes","good","barrera","40","35-54 moderado","cuello","","Fórmula concentrada con péptidos y agentes reafirmantes diseñada específicamente para la piel más delgada del cuello y escote — zonas que envejecen más rápido.",""
"a5953eaf-73e5-4ba9-80fa-9979641b62b8","☀️","Revitalift Laser Day Cream","L'Oréal Paris","💧 Hidratantes","good","firmeza","45","35-54 moderado","cara","","Pro-retinol + vitamin C daytime formula for brightening and anti-aging. Apply before Finacea and SPF.",""
"a5953eaf-73e5-4ba9-80fa-9979641b62b8","☀️","Revitalift Laser Day Cream","L'Oréal Paris","💧 Hidratantes","good","aclarado","45","35-54 moderado","cara","","Pro-retinol + vitamin C daytime formula for brightening and anti-aging. Apply before Finacea and SPF.",""
"a5953eaf-73e5-4ba9-80fa-9979641b62b8","☀️","Revitalift Laser Day Cream","L'Oréal Paris","💧 Hidratantes","good","textura","40","35-54 moderado","cara","","Pro-retinol + vitamin C daytime formula for brightening and anti-aging. Apply before Finacea and SPF.",""
"a5953eaf-73e5-4ba9-80fa-9979641b62b8","☀️","Revitalift Laser Day Cream","L'Oréal Paris","💧 Hidratantes","good","barrera","25","15-34 adyuvante marginal","cara","","Pro-retinol + vitamin C daytime formula for brightening and anti-aging. Apply before Finacea and SPF.",""
"21a728f9-3cfa-43eb-a3fe-8a57d417240f","💧","Sleeping Pack Ceramidas + Cica","PURITO Seoul · barrera piel sensible","💧 Hidratantes","good","barrera","85","75-89 OTC fuerte","cara","","La ceramida NP y los activos de centella ayudan a reparar y calmar la barrera cutánea, útil en piel sensibilizada por activos como retinol o ácidos.",""
"d6f17e28-ccb7-4267-a588-5812bdfa2fde","💧","Toleriane Double Repair Face Moisturizer","La Roche-Posay · ceramida-3+niacinamida","💧 Hidratantes","best","barrera","85","75-89 OTC fuerte","cara","","La ceramida-3 y la niacinamida ayudan a restaurar la barrera cutánea, clave cuando usas activos como retinol o vitamina C.",""
"d6f17e28-ccb7-4267-a588-5812bdfa2fde","💧","Toleriane Double Repair Face Moisturizer","La Roche-Posay · ceramida-3+niacinamida","💧 Hidratantes","best","aclarado","20","15-34 adyuvante marginal","cara","","La ceramida-3 y la niacinamida ayudan a restaurar la barrera cutánea, clave cuando usas activos como retinol o vitamina C.",""
"6447629f-d5f2-4a83-b011-006b25cf18e3","🦶","Aceite Urea 60%","Genérico","🦶 Pies","best","queratolitico","90","90-100 estandar de oro","pies","","Mayor poder queratolítico en aceite penetrante. Para grosor marcado o callosidades resistentes.",""
"f5419858-d505-4621-9379-bdedad67dd50","🦶","Barra Urea 60% (Aguacate + Jojoba)","Genérico","🦶 Pies","best","queratolitico","85","75-89 OTC fuerte","pies","","Urea + aceites de aguacate y jojoba integrados. Formato stick para grietas localizadas. Práctico para el día.",""
"44b6586f-754c-49a0-b6f6-867d77bd2e44","🧴","Crema con Lanolina","Genérica","🦶 Pies","ok","queratolitico","45","35-54 moderado","pies","","","SIN justificacion — redactar"
"c3e2d898-e5d3-4e00-879a-827e84a44854","🦶","Crema Urea 40%","Genérico","🦶 Pies","good","queratolitico","65","55-74 soporte solido","pies","","Concentración de mantenimiento. Rehidrata y disuelve suavemente el exceso de queratina. Usar diario bajo calcetines.",""
"c6fac7f0-2900-4eb9-910d-440b65e5a53d","🧴","Crema Urea 60% SA 2%","Generica","🦶 Pies","ok","queratolitico","80","75-89 OTC fuerte","pies","","","SIN justificacion — redactar"
"3d201bba-ff43-413e-b96b-3c443bec8057","🧴","Crema Urea 70% SA 2%","Generica","🦶 Pies","ok","queratolitico","85","75-89 OTC fuerte","pies","","","SIN justificacion — redactar"
"786a92d8-a357-4053-9b4b-d5c96ae9e821","🦶","Crema Urea 80%","Genérico","🦶 Pies","best","queratolitico","95","90-100 estandar de oro","pies","","La concentración más alta sin receta. Para grietas profundas. Capa gruesa + calcetines de algodón toda la noche.",""
"7454f16a-51b3-44c9-b392-4d97b50038b8","🛁","Aceite de Ducha PH5","Eucerin","🧴 Cuerpo","good","barrera","35","35-54 moderado","cuerpo","","Fundamental cuando se usan activos como tretinoína o ácidos que ya sensibilizan la piel.",""
"d944830f-82e8-434e-8409-dd7a89997fd9","","Crema Reafirmante para Cuello","","🧴 Cuerpo","","barrera","40","35-54 moderado","cuello","","","SIN justificacion — redactar"
"d944830f-82e8-434e-8409-dd7a89997fd9","","Crema Reafirmante para Cuello","","🧴 Cuerpo","","firmeza","20","15-34 adyuvante marginal","cuello","","","SIN justificacion — redactar"
"dcff4486-a13e-4bef-a4d3-9fce38945ac2","🧴","Crepe Corrector Body Lotion","Gold Bond","🧴 Cuerpo","ok","barrera","55","55-74 soporte solido","cuerpo","","Combina hidratantes oclusivos con péptidos y alfa-hidroxiácidos en baja concentración para mejorar gradualmente la textura de piel flácida o rugosa con uso consistente.",""
"dcff4486-a13e-4bef-a4d3-9fce38945ac2","🧴","Crepe Corrector Body Lotion","Gold Bond","🧴 Cuerpo","ok","firmeza","45","35-54 moderado","cuerpo","","Combina hidratantes oclusivos con péptidos y alfa-hidroxiácidos en baja concentración para mejorar gradualmente la textura de piel flácida o rugosa con uso consistente.",""
"dcff4486-a13e-4bef-a4d3-9fce38945ac2","🧴","Crepe Corrector Body Lotion","Gold Bond","🧴 Cuerpo","ok","textura","35","35-54 moderado","cuerpo","","Combina hidratantes oclusivos con péptidos y alfa-hidroxiácidos en baja concentración para mejorar gradualmente la textura de piel flácida o rugosa con uso consistente.",""
"2b41c15a-bbab-4a44-b583-476d0f11f3f9","🧴","Dove Ceramidas Body Lotion","Dove","🧴 Cuerpo","good","barrera","75","75-89 OTC fuerte","cuerpo","","Las ceramidas reconstruyen la barrera. Aplicar sobre piel húmeda aumenta la absorción hasta un 70%.",""
"106e6207-662c-451d-ac3c-5c8c1db73883","","Kojic Acid Hand Cream","Sadoer","🧴 Cuerpo","ok","aclarado","60","55-74 soporte solido","manos","","(agregado en esta sesión — ver alta-productos-manos-cuello.sql / alta-spf-manos-duplicados.sql para la justificación completa)",""
"3cef35a0-bc27-440f-9d97-a19709ee2bb9","💆","Lambdapil Shampoo Anticaída","ISDIN","🧴 Cuerpo","good","capilar","70","55-74 soporte solido","cabello","","Biotina, zinc y extracto Trichogen fortalecen el folículo y reducen la caída.",""
"bc090811-c158-4bd2-b97a-6f83f0de7a24","🧴","Retinol Body Cream (Vit E, Té Verde, Aloe)","Advanced Clinicals · vit. E+té verde","🧴 Cuerpo","good","firmeza","60","55-74 soporte solido","cuerpo","si","El retinol en formulación corporal ayuda a mejorar la firmeza y textura de la piel; su concentración es menor que la de un retinol facial.",""
"bc090811-c158-4bd2-b97a-6f83f0de7a24","🧴","Retinol Body Cream (Vit E, Té Verde, Aloe)","Advanced Clinicals · vit. E+té verde","🧴 Cuerpo","good","textura","50","35-54 moderado","cuerpo","si","El retinol en formulación corporal ayuda a mejorar la firmeza y textura de la piel; su concentración es menor que la de un retinol facial.",""
"bc090811-c158-4bd2-b97a-6f83f0de7a24","🧴","Retinol Body Cream (Vit E, Té Verde, Aloe)","Advanced Clinicals · vit. E+té verde","🧴 Cuerpo","good","barrera","30","15-34 adyuvante marginal","cuerpo","si","El retinol en formulación corporal ayuda a mejorar la firmeza y textura de la piel; su concentración es menor que la de un retinol facial.",""
"9b91d98e-c293-4e27-8cf1-b5faae440bad","","BALANCEFUL Pore Cleansing Foam","","🧼 Limpieza","","textura","20","15-34 adyuvante marginal","cara","","","SIN justificacion — redactar"
"d93e2cfd-b65c-4be1-86af-36fd64108486","","Centella Ampoule Foam (viaje)","","🧼 Limpieza","","textura","10","0 no toca el eje","cara","","","SIN justificacion — redactar"
"837c26e3-6b7c-438a-9664-e63d01d4a9e7","","Centella Light Cleansing Oil (viaje)","","🧼 Limpieza","","textura","10","0 no toca el eje","cara","","","SIN justificacion — redactar"
"3ba97655-b68a-4084-8bec-fd0c4aac09de","🫧","Glycolic Bright Gel Cleanser","Neutrogena","🧼 Limpieza","ok","textura","25","15-34 adyuvante marginal","cara + cuello","si","Glycolic acid gently exfoliates surface dead skin and fades dark spots. Morning cleansing activates skin to absorb serums more effectively.",""
"3ba97655-b68a-4084-8bec-fd0c4aac09de","🫧","Glycolic Bright Gel Cleanser","Neutrogena","🧼 Limpieza","ok","aclarado","15","15-34 adyuvante marginal","cara + cuello","si","Glycolic acid gently exfoliates surface dead skin and fades dark spots. Morning cleansing activates skin to absorb serums more effectively.",""
"23236746-4738-468c-b043-250f0db91ddb","🧴","Limpiador Hidratante","CeraVe","🧼 Limpieza","ok","barrera","25","15-34 adyuvante marginal","cara","","Formulada con Ácido Hialurónico para retener la humedad natural de la piel, y tres Ceramidas Esenciales (1, 3, 6-II) que restauran la barrera cutánea",""
"0193747b-4c2f-4f7d-ac97-7565c98b94b6","🧴","Limpiador Oleoso","Mercilen","🧼 Limpieza","ok","textura","10","0 no toca el eje","cara","","El limpiador oleoso de Mercilen es un desmaquillante y limpiador profundo diseñado para disolver el maquillaje (incluso el más pesado), el protector solar y el sebo. Su fórmula se emulsiona rápidamente al contacto con el agua, dejando la piel hidratada, fresca y sin sensación grasosa",""
"17bcd631-39a5-4f79-81c1-c494208c2cb1","","Plant Extract Cleansing Cream","Mercilen","🧼 Limpieza","ok","barrera","10","0 no toca el eje","cara","","(agregado en esta sesión — ver alta-productos-manos-cuello.sql / alta-spf-manos-duplicados.sql para la justificación completa)",""
"83fb4617-acd4-404c-80e5-f4dae81accb6","🫧","SA Cleanser","CeraVe","🧼 Limpieza","ok","textura","35","35-54 moderado","cara","","El ácido salicílico (BHA) es liposoluble: penetra dentro del poro y disuelve el sebo y los tapones, a diferencia de los AHAs que actúan solo en superficie. Las ceramidas + HA compensan el potencial efecto deshidratante, haciendo este limpiador más suave que otros con BHA. La niacinamida suma efecto",""
"83fb4617-acd4-404c-80e5-f4dae81accb6","🫧","SA Cleanser","CeraVe","🧼 Limpieza","ok","barrera","20","15-34 adyuvante marginal","cara","","El ácido salicílico (BHA) es liposoluble: penetra dentro del poro y disuelve el sebo y los tapones, a diferencia de los AHAs que actúan solo en superficie. Las ceramidas + HA compensan el potencial efecto deshidratante, haciendo este limpiador más suave que otros con BHA. La niacinamida suma efecto",""
"0dfd4acf-5300-4822-aa77-f048fa588cd8","🧼","Spray Ácido Hipocloroso","NueVue · pH 5.5","🧼 Limpieza","good","barrera","30","15-34 adyuvante marginal","cara","","El ácido hipocloroso ayuda a mantener la piel limpia y calmada sin alterar su pH natural.",""
"0dfd4acf-5300-4822-aa77-f048fa588cd8","🧼","Spray Ácido Hipocloroso","NueVue · pH 5.5","🧼 Limpieza","good","textura","15","15-34 adyuvante marginal","cara","","El ácido hipocloroso ayuda a mantener la piel limpia y calmada sin alterar su pH natural.",""
"6cfe7393-865c-4af0-b1bf-5d90e7cd52de","","Turmeric Lemon Kojic Acid Soap","Hasselan","🧼 Limpieza","ok","aclarado","15","15-34 adyuvante marginal","manos","","(agregado en esta sesión — ver alta-productos-manos-cuello.sql / alta-spf-manos-duplicados.sql para la justificación completa)",""
"86cd48aa-fab8-43bf-8275-534d625268e8","🫧","Glycolic Acid 7%","The Ordinary","🫧 Exfoliantes","ok","textura","65","55-74 soporte solido","cara + cuerpo","si","Alta concentración para cuerpo y brazos — manchas y piel rugosa. No usar misma noche que tretinoína.",""
"d2fa2faa-9408-41cf-8e86-3d3575ae2ac3","","Moisturizing Clay Mask","Genérico","🫧 Exfoliantes","ok","textura","40","35-54 moderado","cara","","(agregado en esta sesión — ver alta-productos-manos-cuello.sql / alta-spf-manos-duplicados.sql para la justificación completa)",""
"d2fa2faa-9408-41cf-8e86-3d3575ae2ac3","","Moisturizing Clay Mask","Genérico","🫧 Exfoliantes","ok","barrera","15","15-34 adyuvante marginal","cara","","(agregado en esta sesión — ver alta-productos-manos-cuello.sql / alta-spf-manos-duplicados.sql para la justificación completa)",""
"a6451499-e856-4494-b68b-acdbbc038824","🫧","Poremizing Clay Stick Mask","SKIN1004 · arcilla+centella","🫧 Exfoliantes","good","textura","55","55-74 soporte solido","cara","","Las arcillas absorben el exceso de sebo y ayudan a afinar la apariencia de los poros.",""
"d8085cbe-cae2-4f49-92b5-9f118c9fbdfb","🫧","Salicylic Acid 2% Gel","Genérico","🫧 Exfoliantes","good","textura","55","55-74 soporte solido","cara + cuerpo + pies","si","BHA en gel para aplicación precisa en granitos, poros obstruidos o manchas puntuales.",""
"d8085cbe-cae2-4f49-92b5-9f118c9fbdfb","🫧","Salicylic Acid 2% Gel","Genérico","🫧 Exfoliantes","good","queratolitico","60","55-74 soporte solido","cara + cuerpo + pies","si","BHA en gel para aplicación precisa en granitos, poros obstruidos o manchas puntuales.",""
"5f197c24-5c60-4d16-8bb6-b0c80bd621f8","🧴","Salicylic Acid 2% Masque","The Ordinary","🫧 Exfoliantes","ok","textura","75","75-89 OTC fuerte","cara","si","El BHA (salicílico) es liposoluble — penetra dentro del poro y disuelve el sebo desde adentro, algo que los toners BHA no logran igual. La arcilla de caolín absorbe exceso de grasa en superficie. El carbón actúa como imán para impurezas. Juntos hacen limpieza profunda de poro.",""
"50e32222-59b0-4b20-ad26-23b552f91239","🫧","Salicylic Acid 2% Spray","Genérico","🫧 Exfoliantes","good","textura","70","55-74 soporte solido","cuerpo","si","BHA que disuelve queratina y desincrusta poros. Las manchas en brazos mejoran notablemente con SA + SPF.",""
"8d0912a7-441d-4e03-a344-e16076334dbe","🫧","Skin Perfecting 2% BHA","Paula's Choice · ácido salicílico","🫧 Exfoliantes","best","textura","85","75-89 OTC fuerte","cara","si","El BHA penetra el poro y disuelve el exceso de sebo y células muertas, mejorando textura y puntos negros.",""
"110a2828-a348-41f3-93b6-bc2b7612d731","🫧","Toner AHA BHA PHA + Niacinamide 2%","Genérico","🫧 Exfoliantes","good","textura","70","55-74 soporte solido","cara + cuello","si","Triple exfoliación química + niacinamide. Solo PM, máx 2-3 noches/semana. NUNCA con tretinoína la misma noche.",""
"110a2828-a348-41f3-93b6-bc2b7612d731","🫧","Toner AHA BHA PHA + Niacinamide 2%","Genérico","🫧 Exfoliantes","good","aclarado","30","15-34 adyuvante marginal","cara + cuello","si","Triple exfoliación química + niacinamide. Solo PM, máx 2-3 noches/semana. NUNCA con tretinoína la misma noche.",""
"110a2828-a348-41f3-93b6-bc2b7612d731","🫧","Toner AHA BHA PHA + Niacinamide 2%","Genérico","🫧 Exfoliantes","good","barrera","10","0 no toca el eje","cara + cuello","si","Triple exfoliación química + niacinamide. Solo PM, máx 2-3 noches/semana. NUNCA con tretinoína la misma noche.",""
"a6422a1a-1588-4490-bc03-d2b80ade8ff5","","Zero Pore Pad 2.0","","🫧 Exfoliantes","","textura","60","55-74 soporte solido","cara","si","","SIN justificacion — redactar"
"a6422a1a-1588-4490-bc03-d2b80ade8ff5","","Zero Pore Pad 2.0","","🫧 Exfoliantes","","aclarado","25","15-34 adyuvante marginal","cara","si","","SIN justificacion — redactar"
